Cluster,Members,Representative,"Weighted Score"
0,66,Center,-915.7
0,66,"Lowest Energy",-915.7
1,58,Center,-775.8
1,58,"Lowest Energy",-973.7
2,56,Center,-900.1
2,56,"Lowest Energy",-901.6
3,52,Center,-781.0
3,52,"Lowest Energy",-984.9
4,50,Center,-858.9
4,50,"Lowest Energy",-890.1
5,50,Center,-699.4
5,50,"Lowest Energy",-979.6
6,42,Center,-919.2
6,42,"Lowest Energy",-1027.0
7,32,Center,-764.4
7,32,"Lowest Energy",-818.1
8,24,Center,-677.3
8,24,"Lowest Energy",-763.5
9,22,Center,-821.2
9,22,"Lowest Energy",-821.2
10,21,Center,-682.9
10,21,"Lowest Energy",-788.1
11,21,Center,-870.7
11,21,"Lowest Energy",-870.7
12,20,Center,-816.9
12,20,"Lowest Energy",-816.9
13,16,Center,-742.2
13,16,"Lowest Energy",-755.0
14,16,Center,-737.1
14,16,"Lowest Energy",-737.1
15,15,Center,-670.2
15,15,"Lowest Energy",-786.5
16,15,Center,-724.1
16,15,"Lowest Energy",-767.6
17,14,Center,-702.3
17,14,"Lowest Energy",-859.8
18,14,Center,-751.5
18,14,"Lowest Energy",-863.7
19,14,Center,-734.4
19,14,"Lowest Energy",-789.4
20,13,Center,-700.0
20,13,"Lowest Energy",-771.4
21,13,Center,-701.9
21,13,"Lowest Energy",-769.8
22,12,Center,-829.3
22,12,"Lowest Energy",-829.3
23,12,Center,-688.6
23,12,"Lowest Energy",-736.5
24,11,Center,-726.5
24,11,"Lowest Energy",-726.5
25,11,Center,-710.0
25,11,"Lowest Energy",-711.4
26,11,Center,-687.9
26,11,"Lowest Energy",-844.8
27,11,Center,-671.8
27,11,"Lowest Energy",-802.3
28,10,Center,-800.6
28,10,"Lowest Energy",-802.0
29,10,Center,-766.0
29,10,"Lowest Energy",-766.0
