Cluster,Members,Representative,"Weighted Score"
0,57,Center,-1221.3
0,57,"Lowest Energy",-1280.2
1,57,Center,-1043.1
1,57,"Lowest Energy",-1150.9
2,54,Center,-1042.7
2,54,"Lowest Energy",-1142.4
3,48,Center,-1133.2
3,48,"Lowest Energy",-1228.5
4,43,Center,-1077.7
4,43,"Lowest Energy",-1153.8
5,42,Center,-1034.1
5,42,"Lowest Energy",-1256.0
6,39,Center,-1072.1
6,39,"Lowest Energy",-1092.8
7,31,Center,-1019.4
7,31,"Lowest Energy",-1165.8
8,30,Center,-1019.3
8,30,"Lowest Energy",-1191.2
9,30,Center,-1102.4
9,30,"Lowest Energy",-1204.8
10,27,Center,-1055.7
10,27,"Lowest Energy",-1179.9
11,25,Center,-1144.5
11,25,"Lowest Energy",-1144.5
12,24,Center,-1149.1
12,24,"Lowest Energy",-1163.5
13,22,Center,-1146.5
13,22,"Lowest Energy",-1183.0
14,22,Center,-1073.6
14,22,"Lowest Energy",-1198.2
15,21,Center,-1198.8
15,21,"Lowest Energy",-1198.8
16,20,Center,-1090.3
16,20,"Lowest Energy",-1175.6
17,20,Center,-1081.9
17,20,"Lowest Energy",-1137.4
18,18,Center,-1161.6
18,18,"Lowest Energy",-1241.3
19,18,Center,-1107.7
19,18,"Lowest Energy",-1107.7
20,17,Center,-1019.5
20,17,"Lowest Energy",-1109.5
21,15,Center,-1034.1
21,15,"Lowest Energy",-1169.0
22,15,Center,-1060.7
22,15,"Lowest Energy",-1074.9
23,15,Center,-1364.4
23,15,"Lowest Energy",-1364.4
24,10,Center,-1046.6
24,10,"Lowest Energy",-1087.6
25,10,Center,-1144.8
25,10,"Lowest Energy",-1144.8
26,10,Center,-1206.5
26,10,"Lowest Energy",-1206.5
27,10,Center,-1169.8
27,10,"Lowest Energy",-1169.8
28,10,Center,-1152.6
28,10,"Lowest Energy",-1152.6
29,10,Center,-1082.0
29,10,"Lowest Energy",-1082.4
